{
  "version": 1,
  "author": "Adriano Barutti",
  "editor": "wokwi",
  "parts": [
    { "type": "board-esp32-devkit-c-v4", "id": "esp", "top": 0, "left": 0, "attrs": {} },
    {
      "type": "wokwi-pushbutton",
      "id": "btn1",
      "top": 63.8,
      "left": 230.4,
      "attrs": { "color": "green", "xray": "1" }
    }
  ],
  "connections": [
    [ "esp:TX", "$serialMonitor:RX", "", [] ],
    [ "esp:RX", "$serialMonitor:TX", "", [] ],
    [ "esp:GND.2", "btn1:1.l", "black", [ "v0" ] ],
    [ "esp:4", "btn1:2.l", "green", [ "h0" ] ]
  ],
  "dependencies": {}
}